""	"mz"	"rt"
"M53T345"	53.00116493	345.3902643
"M58T69"	57.97545393	68.67242364
"M59T246"	59.01359496	246.0306602
"M59T62"	59.0137118	61.90072933
"M59T270"	59.01362084	269.6233798
"M62T56"	61.98819056	55.58308625
"M64T348"	63.62063447	347.5012693
"M64T379"	63.62063447	378.9359473
"M65T347"	64.90244604	347.4115572
"M65T379"	64.9028817	378.9130758
